l_english:
 demena_province: "Demenías"
 girgenti_province: "Girgentías"
 mazara_province: "Mazarías"
 noto_province: "Sikelías"
 bari_province: "Bárion"
 otranto_province: "Longobardías"
 basilicata_province: "Leukanías"
 calabria_citra_province: "Hypokalavrías"
 calabria_ultra_province: "Kalavrías"
 gorizia_province: "Gorizia"

 hum_province: "Zachlumia"
 podrinje_province: "East Bosnia"
 una_sana_province: "Vodica"
 usora_and_soli_province: "Salines"
 branicevo_province: "East Syrmia"
 kosovo_province: "Dardania"
 macva_province: "North Syrmia"
 nis_province: "Naissos"
 raska_province: "Rascia"
 sumadija_province: "Central Syrmia"
 toplica_province: "South Syrmia"
 zeta_province: "Dioclea"
 zlatibor_province: "West Syrmia"
 north_dobruja_province: "North Paristrion"
 pleven_province: "West Moesia"
 preslav_province: "Odessos"
 south_dobruja_province: "South Paristrion"
 sredets_province: "Serdica"
 tarnovo_province: "Paradoúnavon"
 vidin_province: "Bononia"
 central_macedonia_province: "Thessaloníkēs"
 chalkidiki_province: "Chalkidiki"
 lower_macedonia_province: "Strymōnos"
 pirin_province: "Perinthos"
 prilep_province: "Lychnidos"
 upper_macedonia_province: "Upper Macedonia"
 vardar_province: "Axios"
 burgas_province: "Anchíalos"
 constantinople_province: "Thrakēs"
 dardanelles_province: "Dardanelles"
 edirne_province: "Lower Thrace"
 evros_province: "Makedonías"
 rhodopes_province: "Rhodopes" 
 sliven_province: "Upper Thrace"
 zagore_province: "Zagoria"
 aetolia_province: "Aetolia and Acarnania"
 albania_province: "Dyrrachíon"
 attica_province: "Attica"
 north_epirus_province: "Northern Epirus"
 south_epirus_province: "Southern Epirus"
 illyria_province: "Illyria"
 ionian_islands_province: "Kephallēnias"
 neopatras_province: "Neopatras"
 thessaly_province: "Thessaly"
 achaea_province: "Achaea"
 arcadia_province: "Arcadia"
 argolis_province: "Peloponnēsou"
 corinthia_province: "Corinthia"
 ilia_province: "Ilia"
 laconia_province: "Laconia"
 messenia_province: "Messenia"
 chios_province: "Chios"
 crete_province: "Krētēs"
 euboea_province: "Euboea"
 lemnos_province: "Lemnos"
 naxos_province: "Naxos"
 rodos_province: "Rhodes"
 cafa_province: "Chersōnos"

 al_jifar_province: "Rhinocorura"
 alexandria_province: "Alexandria"
 qusiyya_province: "Cusae"
 asyut_province: "Lycopolis"
 barca_province: "Barca"
 al_bayda_province: "Balagrae"
 jebel_akhdar_province: "Cyrene"
 buhayra_province: "Rosetta"
 cairo_province: "Memphis"
 dakahliyya_province: "Damietta"
 bahnasa_province: "Oxyrhynchus"
 fezzan_province: "Fezzan"
 east_fezzan_province: "East Fezzan"
 gharbiyya_province: "Delta"
 minya_province: "Hermopolis"
 oasis_province: "Western Oases"
 red_sea_coast_province: "Red Sea Coast"
 sharqiyya_province: "Clysma"
 tripolitania_province: "Tripolitania"
 tih_province: "Raithu"
 north_farthing: "North Farthing"
 south_farthing: "South Farthing"
 west_farthing: "West Farthing"
 east_farthing: "East Farthing"
 vattnajokull_p: "Vattnajökull"
 
 ambongo_province: "Ambongo"
 antandroy_province: "Antandroy"
 antankarana_province: "Antankarana"
 antemoro_province: "Antemoro"
 betsileo_province: "Betsileo"
 bezanozano_province: "Bezanozano"
 comoros_province: "Comoros"
 ibara_province: "Ibara"
 iboina_province: "Iboina"
 inner_iboina_province: "Inner Iboina"
 mailaka_province: "Mailaka"
 maroserana_province: "Maroserana"
 menabe_province: "Menabe"
 merina_province: "Merina"
 north_betsimisaraka_province: "North Betsimisaraka"
 outter_islands_province: "Outter Islands"
 mascarene_islands_province: "Mascarene Islands"
 south_betsimisaraka_province: "South Betsimisaraka"
 tsimihety_province: "Tsimihety"
 
 albert_nile_province: "Albert Nile"
 kafu_province: "Kafu"
 katonga_province: "Katonga"
 lower_kagera_province: "Lower Kagera"
 mara_province: "Mara"
 simivu_province: "Simivu"
 upper_kagera_province: "Upper Kagera"
 victoria_nile_province: "Victoria Nile"
 
 lower_igombe_province: "Lower Igombe"
 ugalla_province: "Ugalla"
 upper_igombe_province: "Upper Igombe"
 wembere_province: "Wembere"
 
 lower_pangani_province: "Lower Pangani"
 lower_wami_province: "Lower Wami"
 upper_pangani_province: "Upper Pangani"
 upper_wami_province: "Upper Wami"
 
 lower_rufiji_province: "Lower Rufiji"
 mbekuru_province: "Mbekuru"
 middle_rufiji_province: "Middle Rufiji"
 ruaha_province: "Ruaha"
 upper_rufiji_province: "Upper Rufiji"
 
 lower_lurio_province: "Lower Lurio"
 lower_ruvuma_province: "Lower Ruvuma"
 lugenda_province: "Lugenda"
 messalo_province: "Messalo"
 upper_lurio_province: "Upper Lurio"
 upper_ruvuma_province: "Upper Ruvuma"
 
 east_rukwa_province: "East Rukwa"
 lower_malawi_province: "Lower Malawi"
 upper_malawi_province: "Upper Malawi"
 west_rukwa_province: "West Rukwa"
 
 liganha_province: "Liganha"
 mozambique_province: "Mozambique"
 ucungo_province: "Ucungo"
 
 lower_mazowe_province: "Lower Mazowe"
 lower_zambezi_province: "Lower Zambezi"
 manyame_province: "Manyame"
 middle_zambezi_province: "Middle Zambezi"
 ruenya_province: "Ruenya"
 sanyati_province: "Sanyati"
 sena_province: "Sena"
 shangani_province: "Shangani"
 shire_province: "Shire"
 tete_province: "Tete"
 upper_mazowe_province: "Upper Mazowe"
 zumbo_province: "Zumbo"
 
 changane_province: "Changane"
 inhambane_province: "Inhambane"
 komati_province: "Komati"
 middle_limpopo_province: "Middle Limpopo"
 motloutse_province: "Motloutse"
 mzingwane_province: "Mzingwane"
 shashe_province: "Shashe"
 
 buzi_province: "Buzi"
 lower_runde_province: "Lower Runde"
 pungwe_province: "Pungwe"
 upper_runde_province: "Upper Runde"
 upper_save_province: "Upper Save"
 
 chalbi_province: "Chalbi"
 ewaso_ngiro_province: "Ewaso Ng'iro"
 lamu_archipelago_province: "Lamu Archipelago"
 lower_gafana_province: "Lower Gafana"
 upper_gafana_province: "Upper Gafana"
 kutulo_province: "Kutulo"
 north_turkana_province: "North Turkana"
 rift_valley_province: "Rift Valley"
 south_turkana_province: "South Turkana"
 upper_tana_province: "Upper Tana"
 
 bolu_province: "Bithynía"
 canik_province: "Pontos"
 cankiri_province: "Paphlagonía Esōterikḗ"
 kastamonu_province: "Paphlagonías"
 safranbolu_province: "Amastris"
 sinop_province: "Sinope"
 trebizond_province: "Khaldías"

 aksaray_province: "Kappadokías"
 amasya_province: "Amaseia"
 beysehir_province: "Lycaonia"
 corum_province: "Galatía"
 divrigi_province: "Tephrike"
 kayseri_province: "Caesarea"
 kirsehir_province: "Anō Kappadokía"
 konya_province: "Iconion"
 larende_province: "Isauría"
 nigde_province: "Magida"
 sivrihisar_province: "Boukellariōn"
 tokat_province: "Armeniakōn"

 adana_province: "Kilikía"
 cyprus_province: "Kýprou"
 icel_province: "Seleukeías"
 sis_province: "Lykándou"
 tarsus_province: "Tarsus"

 alaiye_province: "Kibyrrhaiōtōn"
 ankara_province: "Anatolikōn"
 antalya_province: "Attaleia"
 aydin_province: "Tralles"
 biga_province: "Abydos"
 bozok_province: "Charsianon"
 hamid_province: "Pisidia"
 hudavendigar_province: "Opsíkiōn"
 karahisar_province: "Caria"
 karasi_province: "Mysia"
 kocaeli_province: "Optimátōn"
 kutahya_province: "Cotyaion"
 malatya_province: "Melitēnē"
 marash_province: "Kommagene"
 mugla_province: "Lycia"
 smyrna_province: "Sámou"
 saruhan_province: "Thrakēsiōn"
 sultanonu_province: "Phrygía"
 sivas_province: "Armenia Minōr"
 usak_province: "Lydia"

 ar_ruha_province: "Osroēnē"
 diyarbekir_province: "Mesopotamía"
 furat_province: "Al-Furāt"
 hasankeyf_province: "Hasankeyf"
 mardin_province: "Mardin"
 mosul_province: "Mosul"
 nusaybin_province: "Nisibis"
 raqqa_province: "Ar-Raqqah"

 amadiya_province: "Gordyene"
 bitlis_province: "Taron"
 meskheti_province: "Meskheti"
 erzurum_province: "Armenia Maiōr"
 harput_province: "Derzene"
 kars_province: "Chrozene"
 malazgirt_province: "Arzanene"
 van_province: "Vasprakania"

 antakya_province: "Antióchia"
 ayntab_province: "Dolíchi"

 deir_province: "Azdra"
 filastin_province: "Palestine"
 halab_province: "Beroea"
 hawran_province: "Decapolis"
 hims_province: "Emesa"
 latakia_province: "Laodicea"
 lebanon_province: "Caesarea"
 shaam_province: "Syria"
 sharat_province: "Arabia Petraea"
 tadmur_province: "Palmyra"